.GlobalPreferences	.GlobalPreferences.c3ba500b4b
.GlobalPreferences.B5C429A0-73BD-5081-8165-A1E7C0EB6331	.GlobalPreferences.B5C429A0-73BD-5081-8165-A1E7C0EB6331.e82cdbb444
.GlobalPreferences_m	.GlobalPreferences_m.c82be53ce8
17533321770	17533321770.82a9275a2e
AtlasUpdateHelper	AtlasUpdateHelper.f00020155a
ChatGPTHelper	ChatGPTHelper.f9067c6a03
ContextStoreAgent	ContextStoreAgent.d2d520a37e
Kevin.LaunchNow	Kevin.LaunchNow.99a654bc5b
LaunchNext	LaunchNext.3771750e97
MiniLauncher	MiniLauncher.6a698a7c96
MobileMeAccounts	MobileMeAccounts.9a30614fd8
NSGlobalDomain	NSGlobalDomain.70dfd2a8be
ai.openclaw.shared	ai.openclaw.shared.cb2c738c21
bot.molt.mac	bot.molt.mac.c2d59c7738
com.adobe.AIRobin	com.adobe.AIRobin.4525870609
com.adobe.Acrobat.Pro	com.adobe.Acrobat.Pro.e24f0ca5f9
com.adobe.CSXS.12	com.adobe.CSXS.12.728e361cef
com.adobe.Install.Acrobat	com.adobe.Install.Acrobat.e9abbbcf71
com.adobe.Photoshop	com.adobe.Photoshop.2cac0f7ff0
com.adobe.Synchronizer.DC	com.adobe.Synchronizer.DC.4b86746074
com.adobe.acc.AdobeCreativeCloud	com.adobe.acc.AdobeCreativeCloud.84967794d5
com.adobe.acc.AdobeDesktopService	com.adobe.acc.AdobeDesktopService.dd72136b64
com.adobe.acc.HEXHelper.Renderer	com.adobe.acc.HEXHelper.Renderer.e068983aed
com.adobe.accmac	com.adobe.accmac.0e4eb8c464
com.adobe.cc.Install	com.adobe.cc.Install.629e28c7a5
com.adobe.cep.CEPHtmlEngine Helper (Renderer)	com.adobe.cep.CEPHtmlEngine_Helper__Renderer.9c8830a521
com.adobe.crashreporter	com.adobe.crashreporter.c020d8393e
com.adobe.dunamis	com.adobe.dunamis.dc2fa60463
com.adobe.headlightscc.B5C429A0-73BD-5081-8165-A1E7C0EB6331	com.adobe.headlightscc.B5C429A0-73BD-5081-8165-A1E7C0EB6331.a87c8586c1
com.adobe.illustrator	com.adobe.illustrator.f227d2dcfe
com.adobe.mediabrowser	com.adobe.mediabrowser.548b70c950
com.android.Emulator	com.android.Emulator.2785bb8c54
com.apple.AMPDevicesAgent	com.apple.AMPDevicesAgent.6c0a3cbc71
com.apple.AMPLibraryAgent	com.apple.AMPLibraryAgent.0a7d524b57
com.apple.AMPLibraryAgent.B5C429A0-73BD-5081-8165-A1E7C0EB6331	com.apple.AMPLibraryAgent.B5C429A0-73BD-5081-8165-A1E7C0EB6331.b6b70d3d75
com.apple.AOSKit.RegInfo.B5C429A0-73BD-5081-8165-A1E7C0EB6331	com.apple.AOSKit.RegInfo.B5C429A0-73BD-5081-8165-A1E7C0EB6331.a6314bf740
com.apple.AOSPushRelay.TopicInfo.B5C429A0-73BD-5081-8165-A1E7C0EB6331	com.apple.AOSPushRelay.TopicInfo.B5C429A0-73BD-5081-8165-A1E7C0EB6331.bc8f5f07ef
com.apple.APFSUserAgent	com.apple.APFSUserAgent.5c32600e13
com.apple.Accessibility	com.apple.Accessibility.73bd2dbc4a
com.apple.Accessibility.Assets	com.apple.Accessibility.Assets.2a3dc610b9
com.apple.AccessibilityHearingNearby	com.apple.AccessibilityHearingNearby.a533dba10e
com.apple.AccessibilityUIServer	com.apple.AccessibilityUIServer.6c4b19de9a
com.apple.AccessibilityVisualsAgent	com.apple.AccessibilityVisualsAgent.a11beb2f36
com.apple.ActivityMonitor	com.apple.ActivityMonitor.4a39f147ee
com.apple.AdLib	com.apple.AdLib.bfc466ee5b
com.apple.AdPlatforms	com.apple.AdPlatforms.d349a7a699
com.apple.AddressBook	com.apple.AddressBook.633a1ba25c
com.apple.AppStoreComponents	com.apple.AppStoreComponents.d0ac45a5bb
com.apple.AppleMediaServices	com.apple.AppleMediaServices.0240ac6642
com.apple.AppleMediaServices.notbackedup	com.apple.AppleMediaServices.notbackedup.1454096f79
com.apple.AppleMultitouchMouse	com.apple.AppleMultitouchMouse.a45bf338e5
com.apple.AppleMultitouchTrackpad	com.apple.AppleMultitouchTrackpad.5868757caa
com.apple.AssetMetricsWorker	com.apple.AssetMetricsWorker.8de8cd792a
com.apple.AuthKit	com.apple.AuthKit.92de587d2e
com.apple.AuthKit.AgeRangeSettingsCache	com.apple.AuthKit.AgeRangeSettingsCache.2b06f19d0b
com.apple.AuthenticationServicesCore.AuthenticationServicesAgent	com.apple.AuthenticationServicesCore.AuthenticationServicesAgent.8ecfdcfc52
com.apple.AvatarUI.Staryu	com.apple.AvatarUI.Staryu.5168ae2516
com.apple.BatteryCenter.BatteryWidget	com.apple.BatteryCenter.BatteryWidget.ba102dfbc3
com.apple.BezelServices	com.apple.BezelServices.e57ac9f234
com.apple.CallHistorySyncHelper	com.apple.CallHistorySyncHelper.1471ba1dc8
com.apple.CertificateAssistant	com.apple.CertificateAssistant.aa53787c3a
com.apple.CharacterPicker	com.apple.CharacterPicker.ea60a9ff2e
com.apple.ClassKit-Settings.extension	com.apple.ClassKit-Settings.extension.c3b3327ac9
com.apple.Classroom-Settings.extension	com.apple.Classroom-Settings.extension.9c21f02292
com.apple.CloudKit	com.apple.CloudKit.2fc5803189
com.apple.CloudSubscriptionFeatures.cache	com.apple.CloudSubscriptionFeatures.cache.c515c6f4b0
com.apple.CloudSubscriptionFeatures.config	com.apple.CloudSubscriptionFeatures.config.86b969f022
com.apple.CloudSubscriptionFeatures.diagnostic	com.apple.CloudSubscriptionFeatures.diagnostic.c85178d37f
com.apple.CloudSubscriptionFeatures.followup.engagement	com.apple.CloudSubscriptionFeatures.followup.engagement.ed806e6de2
com.apple.CloudSubscriptionFeatures.geoCache	com.apple.CloudSubscriptionFeatures.geoCache.62ba25a301
com.apple.CloudSubscriptionFeatures.gmCache	com.apple.CloudSubscriptionFeatures.gmCache.08b24b2b52
com.apple.CloudSubscriptionFeatures.optIn	com.apple.CloudSubscriptionFeatures.optIn.517230911d
com.apple.ComfortSounds	com.apple.ComfortSounds.2e44e397ed
com.apple.CommCenter.counts	com.apple.CommCenter.counts.f9038641c4
com.apple.CoreDuet	com.apple.CoreDuet.9871a7178b
com.apple.CoreGraphics	com.apple.CoreGraphics.81fdb2f1c4
com.apple.CoreSimulator	com.apple.CoreSimulator.ace88ae773
com.apple.CrashReporter	com.apple.CrashReporter.3e73f38ccd
com.apple.CrashReporter.B5C429A0-73BD-5081-8165-A1E7C0EB6331	com.apple.CrashReporter.B5C429A0-73BD-5081-8165-A1E7C0EB6331.198d295c10
com.apple.DataDeliveryServices	com.apple.DataDeliveryServices.eb8c082b22
com.apple.DiagnosticExtensions.extensionTracker	com.apple.DiagnosticExtensions.extensionTracker.dabc0d4bdb
com.apple.DictionaryServices	com.apple.DictionaryServices.7458f75464
com.apple.DiskUtility	com.apple.DiskUtility.2036d8147b
com.apple.DuetExpertCenter.AppPredictionExpert	com.apple.DuetExpertCenter.AppPredictionExpert.71bca2c73b
com.apple.DuetExpertCenter.MagicalMoments	com.apple.DuetExpertCenter.MagicalMoments.c61e07840e
com.apple.EscrowSecurityAlert	com.apple.EscrowSecurityAlert.004657f8dd
com.apple.ExtensionsPreferences.ShareMenu	com.apple.ExtensionsPreferences.ShareMenu.8f1257d8ff
com.apple.FamilyCircle	com.apple.FamilyCircle.ca84f9a24e
com.apple.FolderActionsDispatcher	com.apple.FolderActionsDispatcher.134ce7b492
com.apple.FontRegistry.user	com.apple.FontRegistry.user.f0d9e040b1
com.apple.GEO	com.apple.GEO.ab5bffd0b0
com.apple.GamePolicyAgent	com.apple.GamePolicyAgent.5badb671f3
com.apple.GenerativeFunctions.GenerativeFunctionsInstrumentation	com.apple.GenerativeFunctions.GenerativeFunctionsInstrumentation.bfb1d4141b
com.apple.HIToolbox	com.apple.HIToolbox.908e81bf16
com.apple.HearingAids	com.apple.HearingAids.892cd1c847
com.apple.Home	com.apple.Home.080f1a0322
com.apple.Home.wallpaper	com.apple.Home.wallpaper.8b17fe0947
com.apple.IMAutomaticHistoryDeletionAgent	com.apple.IMAutomaticHistoryDeletionAgent.64c7fa2d58
com.apple.IMCoreSpotlight	com.apple.IMCoreSpotlight.af3171a6bf
com.apple.Image_Capture	com.apple.Image_Capture.3afb420fcc
com.apple.Keyboard-Settings.extension	com.apple.Keyboard-Settings.extension.a5a306f3f7
com.apple.LaunchServices	com.apple.LaunchServices.b3e3b4b489
com.apple.MIDI.B5C429A0-73BD-5081-8165-A1E7C0EB6331	com.apple.MIDI.B5C429A0-73BD-5081-8165-A1E7C0EB6331.5c1f054cc5
com.apple.ManagedClient.B5C429A0-73BD-5081-8165-A1E7C0EB6331	com.apple.ManagedClient.B5C429A0-73BD-5081-8165-A1E7C0EB6331.013e9ecc00
com.apple.Maps.mapssyncd	com.apple.Maps.mapssyncd.05abfeb6a8
com.apple.MobileDeviceCrashCopy	com.apple.MobileDeviceCrashCopy.f21b12cad2
com.apple.MobileSMS	com.apple.MobileSMS.322f809efb
com.apple.MobileSMS.CKDNDList	com.apple.MobileSMS.CKDNDList.2eb3967ed7
com.apple.MobileSMSPreview	com.apple.MobileSMSPreview.f411d1bbcf
com.apple.Music	com.apple.Music.b2dcad7c53
com.apple.Music.B5C429A0-73BD-5081-8165-A1E7C0EB6331	com.apple.Music.B5C429A0-73BD-5081-8165-A1E7C0EB6331.f548746b98
com.apple.Music.eq	com.apple.Music.eq.8bb5a63a35
com.apple.NetworkBrowser	com.apple.NetworkBrowser.668464830f
com.apple.NewDeviceOutreach	com.apple.NewDeviceOutreach.9e0b5a8617
com.apple.Passwords	com.apple.Passwords.a2102c0fc4
com.apple.PersonalAudio	com.apple.PersonalAudio.2c9d715cf3
com.apple.QuickLookDaemon.B5C429A0-73BD-5081-8165-A1E7C0EB6331	com.apple.QuickLookDaemon.B5C429A0-73BD-5081-8165-A1E7C0EB6331.8bcb358a61
com.apple.QuickTimePlayerX	com.apple.QuickTimePlayerX.9b4b860544
com.apple.ReportCrash	com.apple.ReportCrash.a488e06589
com.apple.Safari	com.apple.Safari.7fef3df625
com.apple.Safari.PasswordBreachAgent	com.apple.Safari.PasswordBreachAgent.7c7bd4b470
com.apple.Safari.SafeBrowsing	com.apple.Safari.SafeBrowsing.24de95bb9a
com.apple.Safari.SandboxBroker	com.apple.Safari.SandboxBroker.c8befc4851
com.apple.SafariBookmarksSyncAgent	com.apple.SafariBookmarksSyncAgent.a79bc8ef58
com.apple.SafariCloudHistoryPushAgent	com.apple.SafariCloudHistoryPushAgent.0e872883c3
com.apple.ServicesMenu.Services	com.apple.ServicesMenu.Services.8568fbf915
com.apple.SetupAssistant	com.apple.SetupAssistant.596ba51549
com.apple.Sharing	com.apple.Sharing.e57602c8e4
com.apple.Siri	com.apple.Siri.1671ae1615
com.apple.SiriExperimentMetricsWorker	com.apple.SiriExperimentMetricsWorker.0614fd81e4
com.apple.SiriMetricsWorker	com.apple.SiriMetricsWorker.039b0b639c
com.apple.SocialLayer	com.apple.SocialLayer.422ef79e94
com.apple.SoftwareUpdate	com.apple.SoftwareUpdate.34244bcc2d
com.apple.SpeakSelection	com.apple.SpeakSelection.4bdef0486e
com.apple.SpeechRecognitionCore	com.apple.SpeechRecognitionCore.5ed7e35a69
com.apple.Spotlight	com.apple.Spotlight.069bd9b63b
com.apple.Spotlight.B5C429A0-73BD-5081-8165-A1E7C0EB6331	com.apple.Spotlight.B5C429A0-73BD-5081-8165-A1E7C0EB6331.7ada7a21b5
com.apple.SpotlightResources.Defaults	com.apple.SpotlightResources.Defaults.8bd7ea9ddb
com.apple.StatusKitAgent	com.apple.StatusKitAgent.5ea9e01664
com.apple.StocksKitService	com.apple.StocksKitService.31b957ec6c
com.apple.StorageManagement.Service	com.apple.StorageManagement.Service.c83a04c676
com.apple.TTY	com.apple.TTY.41e6c46e2f
com.apple.TV	com.apple.TV.633b4e6b31
com.apple.TV.B5C429A0-73BD-5081-8165-A1E7C0EB6331	com.apple.TV.B5C429A0-73BD-5081-8165-A1E7C0EB6331.5b94dea561
com.apple.TelephonyUtilities	com.apple.TelephonyUtilities.a9e245aec7
com.apple.TelephonyUtilities.sharePlayAppPolicies	com.apple.TelephonyUtilities.sharePlayAppPolicies.07d8ed8a00
com.apple.Terminal	com.apple.Terminal.c1129cfe68
com.apple.TextEdit	com.apple.TextEdit.80d864aae6
com.apple.TextInputMenu	com.apple.TextInputMenu.3b147f3e2b
com.apple.TextInputMenuAgent	com.apple.TextInputMenuAgent.c68ff7da3e
com.apple.TransporterApp	com.apple.TransporterApp.98835c6139
com.apple.TrustedPeersHelper	com.apple.TrustedPeersHelper.7196acf7c4
com.apple.UserAccountUpdater	com.apple.UserAccountUpdater.153cf9ccd3
com.apple.Wallpaper-Settings.extension	com.apple.Wallpaper-Settings.extension.37b9b6a931
com.apple.WatchListKit	com.apple.WatchListKit.5b2c6126b9
com.apple.WindowManager	com.apple.WindowManager.d70f0ddfbb
com.apple.WorkflowKit.BackgroundShortcutRunner	com.apple.WorkflowKit.BackgroundShortcutRunner.85142a0069
com.apple.accessibility.heard	com.apple.accessibility.heard.ede2ff36f3
com.apple.accessory.Hearing	com.apple.accessory.Hearing.be1b7a4a5d
com.apple.accounts.suggestions	com.apple.accounts.suggestions.03a39559c9
com.apple.accountsd	com.apple.accountsd.99aa691f51
com.apple.airplay	com.apple.airplay.74012e7129
com.apple.amp.mediasharingd	com.apple.amp.mediasharingd.90401a2b9a
com.apple.amsaccountsd	com.apple.amsaccountsd.6495b7da3e
com.apple.amsengagementd	com.apple.amsengagementd.29f01b5c70
com.apple.animoji	com.apple.animoji.b7ea656c86
com.apple.anvil.501	com.apple.anvil.501.ed1767af4a
com.apple.ap.adprivacyd	com.apple.ap.adprivacyd.37bc07c3ad
com.apple.appkit.xpc.openAndSavePanelService	com.apple.appkit.xpc.openAndSavePanelService.13f2b4c581
com.apple.appleaccount	com.apple.appleaccount.a9319522c7
com.apple.appleaccount.informationcache	com.apple.appleaccount.informationcache.9f6ab30c32
com.apple.appleaccountd	com.apple.appleaccountd.39a67f5160
com.apple.appleintelligencereporting	com.apple.appleintelligencereporting.b6500f3746
com.apple.appplaceholdersyncd	com.apple.appplaceholdersyncd.caf356be53
com.apple.appstore	com.apple.appstore.6f2f4133da
com.apple.appstore.commerce	com.apple.appstore.commerce.25ca254b94
com.apple.appstorecomponentsd	com.apple.appstorecomponentsd.faf3e02afb
com.apple.appstored	com.apple.appstored.7db3b37579
com.apple.assistant	com.apple.assistant.2e5b4eaf61
com.apple.assistant.backedup	com.apple.assistant.backedup.dbee49e8bc
com.apple.assistant.support	com.apple.assistant.support.9d91822d1e
com.apple.assistantd	com.apple.assistantd.cdbb2a4434
com.apple.audio.AudioComponentCache	com.apple.audio.AudioComponentCache.d3e4276ca2
com.apple.backgroundassets.managed	com.apple.backgroundassets.managed.089d95d176
com.apple.biomesyncd	com.apple.biomesyncd.1512bb0b72
com.apple.bird	com.apple.bird.790255cf9f
com.apple.bluetooth	com.apple.bluetooth.d652d31013
com.apple.bluetoothuserd	com.apple.bluetoothuserd.c14112a7bf
com.apple.bookdatastored	com.apple.bookdatastored.62936990a5
com.apple.bookstoreagent	com.apple.bookstoreagent.8a742ead51
com.apple.businessservicesd	com.apple.businessservicesd.16b245593f
com.apple.calaccessd	com.apple.calaccessd.08f7a10bd3
com.apple.chronod	com.apple.chronod.635113dba3
com.apple.classroom	com.apple.classroom.c8f57677b3
com.apple.cloud.quota	com.apple.cloud.quota.7c5e4f8fb8
com.apple.cloudd	com.apple.cloudd.e8c9768780
com.apple.cloudpaird	com.apple.cloudpaird.3676b2a64c
com.apple.cloudphotod	com.apple.cloudphotod.250148ebfb
com.apple.cmfsyncagent	com.apple.cmfsyncagent.3927fc5d7b
com.apple.commcenter	com.apple.commcenter.1fc04f0652
com.apple.commcenter.callservices	com.apple.commcenter.callservices.51f42cd199
com.apple.commcenter.csidata.B5C429A0-73BD-5081-8165-A1E7C0EB6331	com.apple.commcenter.csidata.B5C429A0-73BD-5081-8165-A1E7C0EB6331.8838ca2e5e
com.apple.commcenter.data	com.apple.commcenter.data.d1200b22aa
com.apple.commerce	com.apple.commerce.fef430f4b4
com.apple.commerce.configurator	com.apple.commerce.configurator.4566cf3af4
com.apple.commerce.knownclients	com.apple.commerce.knownclients.a887bac7f5
com.apple.configurationprofiles.user.B5C429A0-73BD-5081-8165-A1E7C0EB6331	com.apple.configurationprofiles.user.B5C429A0-73BD-5081-8165-A1E7C0EB6331.01c65ecca0
com.apple.configurator.ui.commerce	com.apple.configurator.ui.commerce.58f4b52aaa
com.apple.contacts.postersyncd	com.apple.contacts.postersyncd.2f0ab75c7d
com.apple.contactsd	com.apple.contactsd.3185468818
com.apple.contextsync.subscriptions	com.apple.contextsync.subscriptions.dde27f695b
com.apple.controlcenter	com.apple.controlcenter.7857238447
com.apple.controlcenter.B5C429A0-73BD-5081-8165-A1E7C0EB6331	com.apple.controlcenter.B5C429A0-73BD-5081-8165-A1E7C0EB6331.3e901f7823
com.apple.controlcenter.bentoboxes.B5C429A0-73BD-5081-8165-A1E7C0EB6331	com.apple.controlcenter.bentoboxes.B5C429A0-73BD-5081-8165-A1E7C0EB6331.3ab74f3f21
com.apple.controlcenter.displayablemenuextras.B5C429A0-73BD-5081-8165-A1E7C0EB6331	com.apple.controlcenter.displayablemenuextras.B5C429A0-73BD-5081-8165-A1E7C0EB6331.932f8dc430
com.apple.controlstrip	com.apple.controlstrip.4d81f8c98a
com.apple.coreservices.UASharedPasteboardProgressUI	com.apple.coreservices.UASharedPasteboardProgressUI.524f5305e4
com.apple.coreservices.uiagent	com.apple.coreservices.uiagent.0f155ace95
com.apple.coreservices.useractivityd	com.apple.coreservices.useractivityd.9aaf51e969
com.apple.coreservices.useractivityd.dynamicuseractivites	com.apple.coreservices.useractivityd.dynamicuseractivites.ddf06d94c4
com.apple.corespotlightui	com.apple.corespotlightui.aa7559af55
com.apple.cseventlistener	com.apple.cseventlistener.5a6f238560
com.apple.dataaccess.babysitter	com.apple.dataaccess.babysitter.b952cd59d6
com.apple.dataaccess.dataaccessd	com.apple.dataaccess.dataaccessd.8066ff1590
com.apple.desktopservices	com.apple.desktopservices.eee8b65f71
com.apple.diagnosticextensionsd	com.apple.diagnosticextensionsd.b7d11e1a95
com.apple.dock	com.apple.dock.96bb576086
com.apple.donotdisturbd	com.apple.donotdisturbd.3e3cacdf2b
com.apple.driver.AppleBluetoothMultitouch.mouse	com.apple.driver.AppleBluetoothMultitouch.mouse.436b5aa07d
com.apple.driver.AppleBluetoothMultitouch.trackpad	com.apple.driver.AppleBluetoothMultitouch.trackpad.099381dc98
com.apple.driver.AppleHIDMouse	com.apple.driver.AppleHIDMouse.53731546ad
com.apple.dt.InstrumentsCLI	com.apple.dt.InstrumentsCLI.a35061dd65
com.apple.dt.SKAgent	com.apple.dt.SKAgent.cf68583614
com.apple.dt.Xcode	com.apple.dt.Xcode.8cff4118c7
com.apple.dt.xcodebuild	com.apple.dt.xcodebuild.f2d5818a13
com.apple.facetime.bag	com.apple.facetime.bag.6ff4e69034
com.apple.fileproviderd	com.apple.fileproviderd.7d838d1013
com.apple.filevault.B5C429A0-73BD-5081-8165-A1E7C0EB6331	com.apple.filevault.B5C429A0-73BD-5081-8165-A1E7C0EB6331.1b5980f709
com.apple.financed	com.apple.financed.67fa8ee872
com.apple.finder	com.apple.finder.baa3258645
com.apple.finder.B5C429A0-73BD-5081-8165-A1E7C0EB6331	com.apple.finder.B5C429A0-73BD-5081-8165-A1E7C0EB6331.8e87b25a53
com.apple.findmy.findmylocateagent	com.apple.findmy.findmylocateagent.a1e0391683
com.apple.frauddefensed	com.apple.frauddefensed.9bf77fdeed
com.apple.gamecenter	com.apple.gamecenter.4253a15c91
com.apple.gamed	com.apple.gamed.06cf82e4e6
com.apple.generativeexperiences.corefollowup	com.apple.generativeexperiences.corefollowup.87aa4ceb73
com.apple.generativepartnerservicesettings	com.apple.generativepartnerservicesettings.19c7d31f86
com.apple.gms.availability	com.apple.gms.availability.acddf7c22d
com.apple.help	com.apple.help.69eb4b013b
com.apple.helpd	com.apple.helpd.fc1bf9f47c
com.apple.homed	com.apple.homed.8e1b4a613d
com.apple.homed.notbackedup	com.apple.homed.notbackedup.f7c043ef5b
com.apple.homeenergyd	com.apple.homeenergyd.096443e11c
com.apple.homeeventsd	com.apple.homeeventsd.f765b47b3d
com.apple.iCal	com.apple.iCal.120c2b27e9
com.apple.iChat	com.apple.iChat.4ad5215a86
com.apple.iCloudNotificationAgent	com.apple.iCloudNotificationAgent.769275b615
com.apple.iPod	com.apple.iPod.5388c96c10
com.apple.iTunes	com.apple.iTunes.4bccae44b1
com.apple.ibooksx.commerce	com.apple.ibooksx.commerce.2c585de6d2
com.apple.ibtool	com.apple.ibtool.458ae6821f
com.apple.icloud.gm	com.apple.icloud.gm.998c581721
com.apple.icloud.searchpartyuseragent	com.apple.icloud.searchpartyuseragent.6b8d601777
com.apple.iclouddrive.features	com.apple.iclouddrive.features.c31a65cc27
com.apple.identityservicesd	com.apple.identityservicesd.8f1b0311fb
com.apple.identityservicesd.B5C429A0-73BD-5081-8165-A1E7C0EB6331	com.apple.identityservicesd.B5C429A0-73BD-5081-8165-A1E7C0EB6331.768fe8e5f3
com.apple.ids	com.apple.ids.08a6f5d2c1
com.apple.ids.deviceproperties	com.apple.ids.deviceproperties.d528ae5607
com.apple.ids.subservices	com.apple.ids.subservices.2fbab34b2d
com.apple.imagecapture	com.apple.imagecapture.61d0b6173c
com.apple.imagent	com.apple.imagent.6fe52de9b2
com.apple.imdpersistence.IMDPersistenceAgent	com.apple.imdpersistence.IMDPersistenceAgent.40afdab14b
com.apple.imdsmsrecordstore	com.apple.imdsmsrecordstore.f4c9db391a
com.apple.imessage	com.apple.imessage.947ae8496b
com.apple.imessage.bag	com.apple.imessage.bag.48a1e3808b
com.apple.imservice.SMS.B5C429A0-73BD-5081-8165-A1E7C0EB6331	com.apple.imservice.SMS.B5C429A0-73BD-5081-8165-A1E7C0EB6331.10eb39d624
com.apple.imservice.ids.FaceTime	com.apple.imservice.ids.FaceTime.8e7a272c6e
com.apple.imservice.ids.FaceTime.B5C429A0-73BD-5081-8165-A1E7C0EB6331	com.apple.imservice.ids.FaceTime.B5C429A0-73BD-5081-8165-A1E7C0EB6331.6d0029589d
com.apple.imservice.ids.iMessage	com.apple.imservice.ids.iMessage.7aa580880d
com.apple.imservice.ids.iMessage.B5C429A0-73BD-5081-8165-A1E7C0EB6331	com.apple.imservice.ids.iMessage.B5C429A0-73BD-5081-8165-A1E7C0EB6331.57c1efded6
com.apple.inputAnalytics.IASGenmojiAnalyzer	com.apple.inputAnalytics.IASGenmojiAnalyzer.231978d5e2
com.apple.inputAnalytics.IASGenmojiUsageAnalyzer	com.apple.inputAnalytics.IASGenmojiUsageAnalyzer.2cda08483c
com.apple.inputAnalytics.IASImageGenerationCreationAnalyzer	com.apple.inputAnalytics.IASImageGenerationCreationAnalyzer.e953e4f0db
com.apple.inputAnalytics.IASSRAnalyzer	com.apple.inputAnalytics.IASSRAnalyzer.18e33f6ff1
com.apple.inputAnalytics.IASWTAnalyzer	com.apple.inputAnalytics.IASWTAnalyzer.1626298c3a
com.apple.inputAnalytics.serverStats	com.apple.inputAnalytics.serverStats.9bda70e5e2
com.apple.inputmethod.Korean	com.apple.inputmethod.Korean.986fb9ace6
com.apple.internal.ck	com.apple.internal.ck.e204f2637d
com.apple.ipTelephony	com.apple.ipTelephony.b8811fc3fc
com.apple.iphonesimulator	com.apple.iphonesimulator.b6535148a9
com.apple.itunescloud	com.apple.itunescloud.15cb32e186
com.apple.itunescloud.daemon	com.apple.itunescloud.daemon.baa919faa4
com.apple.itunescloudd	com.apple.itunescloudd.cc2e4b6d06
com.apple.itunesstored	com.apple.itunesstored.ed98cabb18
com.apple.java.util.prefs	com.apple.java.util.prefs.709bbdc6e4
com.apple.jetpackassetd	com.apple.jetpackassetd.cf34757221
com.apple.keyboard.preferences	com.apple.keyboard.preferences.012b9f4ec3
com.apple.keyboardservicesd	com.apple.keyboardservicesd.16eec71a93
com.apple.keychainaccess	com.apple.keychainaccess.eb7dbfb28f
com.apple.knowledge-agent	com.apple.knowledge-agent.57884fce17
com.apple.liveactivitiesd	com.apple.liveactivitiesd.ed2f570e02
com.apple.locationaccessstored	com.apple.locationaccessstored.ba6a758e5e
com.apple.logic10	com.apple.logic10.2e58cfd8a4
com.apple.loginwindow	com.apple.loginwindow.08a266533b
com.apple.madrid	com.apple.madrid.e4e6d95295
com.apple.mail-shared	com.apple.mail-shared.9211e404ca
com.apple.managedappdistributionagent	com.apple.managedappdistributionagent.8a9c459839
com.apple.mediaanalysisd	com.apple.mediaanalysisd.54edc93d43
com.apple.menuextra.clock	com.apple.menuextra.clock.9708100566
com.apple.messages	com.apple.messages.3b38326a3c
com.apple.messages.commsafety	com.apple.messages.commsafety.deb4a1c9c2
com.apple.messages.critical-messaging.storage	com.apple.messages.critical-messaging.storage.ee512cd0f6
com.apple.messages.nicknames	com.apple.messages.nicknames.dd943e3637
com.apple.messages.pinning	com.apple.messages.pinning.122f5aae6d
com.apple.metrickitd	com.apple.metrickitd.03b8ff4212
com.apple.metrickitd.B5C429A0-73BD-5081-8165-A1E7C0EB6331	com.apple.metrickitd.B5C429A0-73BD-5081-8165-A1E7C0EB6331.54986f75de
com.apple.mlhost	com.apple.mlhost.ca908a6315
com.apple.mmcs	com.apple.mmcs.4ff2f9a22e
com.apple.mobileipod	com.apple.mobileipod.fbea4efdbe
com.apple.mobilelogic	com.apple.mobilelogic.f4f27264c2
com.apple.mobiletimer	com.apple.mobiletimer.97b729a7e6
com.apple.mobiletimerd	com.apple.mobiletimerd.2f2884613d
com.apple.networkserviceproxy	com.apple.networkserviceproxy.254f7c3dbb
com.apple.newscore	com.apple.newscore.d93d804248
com.apple.newscore2	com.apple.newscore2.2651c689f9
com.apple.newsd	com.apple.newsd.2447010b03
com.apple.onetimepasscodes	com.apple.onetimepasscodes.b3ae150310
com.apple.osprey	com.apple.osprey.995304f0ba
com.apple.parsecd	com.apple.parsecd.5c191b41b8
com.apple.passd	com.apple.passd.3c9243e959
com.apple.passd.class-d	com.apple.passd.class-d.b820273219
com.apple.people	com.apple.people.144f133d69
com.apple.personalizationportrait.TextUnderstandingObserver	com.apple.personalizationportrait.TextUnderstandingObserver.797d87114b
com.apple.photos.shareddefaults	com.apple.photos.shareddefaults.b997f06cde
com.apple.preferences.extensions.ShareMenu	com.apple.preferences.extensions.ShareMenu.77554fc21d
com.apple.preferences.softwareupdate	com.apple.preferences.softwareupdate.1a62a81367
com.apple.print.add	com.apple.print.add.c309c3f160
com.apple.print.custompresets	com.apple.print.custompresets.c6d67f7c1c
com.apple.print.custompresets.forprinter.Samsung_SL_J1660_Series_2	com.apple.print.custompresets.forprinter.Samsung_SL_J1660_Series_2.a2f1b29ba8
com.apple.printcenter	com.apple.printcenter.7e866944d6
com.apple.proactive.PersonalizationPortrait	com.apple.proactive.PersonalizationPortrait.0550bd6ff4
com.apple.protectedcloudstorage.protectedcloudkeysyncing	com.apple.protectedcloudstorage.protectedcloudkeysyncing.69c058b849
com.apple.quicklook.ThumbnailsAgent	com.apple.quicklook.ThumbnailsAgent.3bf8fc7e03
com.apple.rapport	com.apple.rapport.db1c11618e
com.apple.registration	com.apple.registration.ba6a7f1f8f
com.apple.remindd	com.apple.remindd.708e49fabf
com.apple.remindd.babysitter	com.apple.remindd.babysitter.53f0f8e423
com.apple.remotemanagement.ManagedSettingsSubscriber	com.apple.remotemanagement.ManagedSettingsSubscriber.625807d260
com.apple.replayd	com.apple.replayd.716c70fa1a
com.apple.scheduler	com.apple.scheduler.31f751849d
com.apple.screencapture	com.apple.screencapture.8d06251759
com.apple.screencaptureui	com.apple.screencaptureui.e7bfc62a27
com.apple.screensaver	com.apple.screensaver.63c6ee3134
com.apple.screensaver.B5C429A0-73BD-5081-8165-A1E7C0EB6331	com.apple.screensaver.B5C429A0-73BD-5081-8165-A1E7C0EB6331.dda39b6427
com.apple.scriptmenu	com.apple.scriptmenu.d4cbf4e95b
com.apple.security.cloudkeychainproxy3.keysToRegister	com.apple.security.cloudkeychainproxy3.keysToRegister.3ad826bc3f
com.apple.security.ctkd-db	com.apple.security.ctkd-db.355ff16c36
com.apple.security.sosaccount	com.apple.security.sosaccount.5567379499
com.apple.seeding	com.apple.seeding.7b2bc503d3
com.apple.seserviced	com.apple.seserviced.7c2a62c4f3
com.apple.settings.Storage	com.apple.settings.Storage.2c5f711625
com.apple.settings.storage.B5C429A0-73BD-5081-8165-A1E7C0EB6331	com.apple.settings.storage.B5C429A0-73BD-5081-8165-A1E7C0EB6331.54658c6989
com.apple.sharingd	com.apple.sharingd.b681cd1735
com.apple.sharingd.B5C429A0-73BD-5081-8165-A1E7C0EB6331	com.apple.sharingd.B5C429A0-73BD-5081-8165-A1E7C0EB6331.989e8a07a8
com.apple.shazamd	com.apple.shazamd.cce8fe80ef
com.apple.shortcuts	com.apple.shortcuts.752b282b2a
com.apple.sidecar.display	com.apple.sidecar.display.fe4db28d4c
com.apple.siri.DialogEngine	com.apple.siri.DialogEngine.8b92f89e44
com.apple.siri.ODDI.ExperimentationWorker	com.apple.siri.ODDI.ExperimentationWorker.02d8c3f492
com.apple.siri.ODDI.MetricsWorker	com.apple.siri.ODDI.MetricsWorker.b98e0f0acf
com.apple.siri.ODDI.PoirotMetricsWorker	com.apple.siri.ODDI.PoirotMetricsWorker.5b06599ae1
com.apple.siri.VoiceShortcuts	com.apple.siri.VoiceShortcuts.0d19d53220
com.apple.siri.analytics.assistant	com.apple.siri.analytics.assistant.bfa8303d98
com.apple.siri.context.service	com.apple.siri.context.service.d4c5587083
com.apple.siri.morphun	com.apple.siri.morphun.314970fa33
com.apple.siri.shortcuts	com.apple.siri.shortcuts.c489c64b3e
com.apple.siri.sirisuggestions	com.apple.siri.sirisuggestions.33ae4adc73
com.apple.siriactionsd	com.apple.siriactionsd.5cf1032363
com.apple.siriinferenced	com.apple.siriinferenced.7f3768e827
com.apple.siriknowledged	com.apple.siriknowledged.1c03413a3e
com.apple.sms	com.apple.sms.86154a9e8e
com.apple.sociallayerd	com.apple.sociallayerd.1894185c8d
com.apple.sociallayerd.CloudKit.ckwriter	com.apple.sociallayerd.CloudKit.ckwriter.c5d3b610fc
com.apple.sonic.music	com.apple.sonic.music.f47ff1ddb4
com.apple.spaces	com.apple.spaces.2d55d29ef0
com.apple.speech.recognition.AppleSpeechRecognition.prefs	com.apple.speech.recognition.AppleSpeechRecognition.prefs.b0502ee906
com.apple.spotlight.mdwrite	com.apple.spotlight.mdwrite.e50577f655
com.apple.spotlightknowledge	com.apple.spotlightknowledge.8ed725f347
com.apple.springboard	com.apple.springboard.d4e804954f
com.apple.stickersd	com.apple.stickersd.527339b030
com.apple.stockholm	com.apple.stockholm.bcb9326010
com.apple.stocks.account	com.apple.stocks.account.7ef39dd6ad
com.apple.stocks.stockskit	com.apple.stocks.stockskit.1d52652294
com.apple.storeagent	com.apple.storeagent.02852ad5b3
com.apple.studentd	com.apple.studentd.50282b81e2
com.apple.suggestd	com.apple.suggestd.c6641c96de
com.apple.suggestions	com.apple.suggestions.eb6b948c60
com.apple.suggestions.TextUnderstandingObserver	com.apple.suggestions.TextUnderstandingObserver.c478d97738
com.apple.symbolichotkeys	com.apple.symbolichotkeys.5be9f68452
com.apple.sync.NanoHome	com.apple.sync.NanoHome.b5770a2a72
com.apple.syncdefaultsd	com.apple.syncdefaultsd.e68d78a76d
com.apple.syncserver	com.apple.syncserver.9769fd1704
com.apple.syncservices.B5C429A0-73BD-5081-8165-A1E7C0EB6331	com.apple.syncservices.B5C429A0-73BD-5081-8165-A1E7C0EB6331.59204ef581
com.apple.systempreferences	com.apple.systempreferences.c6512bd04f
com.apple.systemsettings.extensions.B5C429A0-73BD-5081-8165-A1E7C0EB6331	com.apple.systemsettings.extensions.B5C429A0-73BD-5081-8165-A1E7C0EB6331.a59f4db38b
com.apple.systemuiserver	com.apple.systemuiserver.1646190bc5
com.apple.talagent	com.apple.talagent.4afc67f740
com.apple.textInput.keyboardServices.textReplacement	com.apple.textInput.keyboardServices.textReplacement.3a6301b86e
com.apple.tipsd	com.apple.tipsd.e6193ea1e0
com.apple.trackpad	com.apple.trackpad.248b4d88ea
com.apple.translationd	com.apple.translationd.eab747af4a
com.apple.transparencyd	com.apple.transparencyd.b8dd85d7e1
com.apple.triald	com.apple.triald.b298056660
com.apple.universalaccess	com.apple.universalaccess.5622c5bbb0
com.apple.universalaccessAuthWarning	com.apple.universalaccessAuthWarning.f229fea174
com.apple.universalcontrol.B5C429A0-73BD-5081-8165-A1E7C0EB6331	com.apple.universalcontrol.B5C429A0-73BD-5081-8165-A1E7C0EB6331.f8cdc9cb3f
com.apple.voiceservices	com.apple.voiceservices.881bb8f46e
com.apple.voicetrigger	com.apple.voicetrigger.868a21d808
com.apple.wallpaper	com.apple.wallpaper.76eacd07a4
com.apple.wallpaper.aerial	com.apple.wallpaper.aerial.17fc113fd3
com.apple.weather.internal	com.apple.weather.internal.47c6b87848
com.apple.weather.sensitive	com.apple.weather.sensitive.6d4ffcc938
com.apple.widgets	com.apple.widgets.6599216411
com.apple.wifi.WiFiAgent	com.apple.wifi.WiFiAgent.8675417c8f
com.apple.wifi.removed-networks	com.apple.wifi.removed-networks.4bed2891d8
com.apple.windowserver.displays.B5C429A0-73BD-5081-8165-A1E7C0EB6331	com.apple.windowserver.displays.B5C429A0-73BD-5081-8165-A1E7C0EB6331.240633b22b
com.apple.wpc.energyservices.utilityservices	com.apple.wpc.energyservices.utilityservices.14c4aaff32
com.apple.xpc.activity2	com.apple.xpc.activity2.617da1e751
com.autodesk.AdskIdentityManager	com.autodesk.AdskIdentityManager.e66b7bce1c
com.autodesk.EAGLE 9.7.0	com.autodesk.EAGLE_9.7.0.7127703e0f
com.autodesk.FusionApp	com.autodesk.FusionApp.d3e8af3980
com.autodesk.fusion360	com.autodesk.fusion360.9c7857d347
com.bambulab.bambu-studio	com.bambulab.bambu-studio.cb52ebfa66
com.canva.CanvaDesktop	com.canva.CanvaDesktop.63af6053f3
com.canva.CanvaDesktop.ShipIt.B5C429A0-73BD-5081-8165-A1E7C0EB6331	com.canva.CanvaDesktop.ShipIt.B5C429A0-73BD-5081-8165-A1E7C0EB6331.056240ce85
com.canva.affinity	com.canva.affinity.0a07803c6c
com.cherpake.macrc.server	com.cherpake.macrc.server.90294a9023
com.crowdcafe.windowmagnet	com.crowdcafe.windowmagnet.5ab0008f36
com.figma.Desktop	com.figma.Desktop.44ed0b429e
com.figma.Desktop.ShipIt.B5C429A0-73BD-5081-8165-A1E7C0EB6331	com.figma.Desktop.ShipIt.B5C429A0-73BD-5081-8165-A1E7C0EB6331.b3250155ff
com.getupnote.desktop	com.getupnote.desktop.819428b213
com.google.Chrome	com.google.Chrome.e8a3c353f3
com.google.Keystone.Agent	com.google.Keystone.Agent.30a5a13f19
com.google.android.studio	com.google.android.studio.4c70a81e7d
com.googlecode.iterm2	com.googlecode.iterm2.1de43eda0e
com.hnc.Discord	com.hnc.Discord.54b1cef1b7
com.hnc.Discord.ShipIt.B5C429A0-73BD-5081-8165-A1E7C0EB6331	com.hnc.Discord.ShipIt.B5C429A0-73BD-5081-8165-A1E7C0EB6331.d69f7d5335
com.hnc.Discord.helper.Renderer	com.hnc.Discord.helper.Renderer.169c613c7b
com.iisacc.vincent.painter	com.iisacc.vincent.painter.8afa5e4922
com.jetbrains.CLion	com.jetbrains.CLion.efa4685ff8
com.jetbrains.WebStorm	com.jetbrains.WebStorm.e37ef7522a
com.jetbrains.cefserver.helper.renderer	com.jetbrains.cefserver.helper.renderer.697ccfd073
com.jetbrains.pycharm	com.jetbrains.pycharm.3a3c9c717a
com.jetbrains.toolbox	com.jetbrains.toolbox.6ce34832d3
com.logi.cp-dev-mgr	com.logi.cp-dev-mgr.b474ebcd67
com.logi.optionsplus	com.logi.optionsplus.48459cf6a2
com.logi.optionsplus.driverhost	com.logi.optionsplus.driverhost.5d7c683b6d
com.microsoft.VSCode	com.microsoft.VSCode.30febf9033
com.microsoft.VSCode.ShipIt.B5C429A0-73BD-5081-8165-A1E7C0EB6331	com.microsoft.VSCode.ShipIt.B5C429A0-73BD-5081-8165-A1E7C0EB6331.8f5dfb8446
com.microsoft.autoupdate.fba	com.microsoft.autoupdate.fba.0ca2fdcb2e
com.microsoft.autoupdate2	com.microsoft.autoupdate2.bcd0a1df17
com.microsoft.office	com.microsoft.office.83928daf97
com.microsoft.shared	com.microsoft.shared.c8090e6468
com.mortenjust.AndroidTool	com.mortenjust.AndroidTool.7163bdab41
com.openai.atlas	com.openai.atlas.d0cbde8175
com.openai.atlas.web	com.openai.atlas.web.52c915ef1b
com.openai.chat	com.openai.chat.f864c9ccbb
com.openai.chat.RemoteFeatureFlags.4f80f7fc-6e88-4841-85b3-8c42ab64a4e1	com.openai.chat.RemoteFeatureFlags.4f80f7fc-6e88-4841-85b3-8c42ab64a4e1.b1cfeb0ec5
com.openai.chat.StatsigService	com.openai.chat.StatsigService.45db966aee
com.openai.codex	com.openai.codex.01e3ac8373
com.pilotmoon.popclip	com.pilotmoon.popclip.f3a1a112d2
com.qtproject.UserFeedback.QtCreator	com.qtproject.UserFeedback.QtCreator.c7c55b7662
com.qtproject.UserFeedback.QtTools	com.qtproject.UserFeedback.QtTools.a6514e1d6a
com.segment.storage.oai	com.segment.storage.oai.8d71e61596
com.the-qt-company.Qt Apps	com.the-qt-company.Qt_Apps.69596c6149
diagnostics_agent	diagnostics_agent.97a3a955aa
embeddedBinaryValidationUtility	embeddedBinaryValidationUtility.1df63e5212
familycircled	familycircled.9778197c3e
fr.madrau.switchresx.app	fr.madrau.switchresx.app.5db7689a10
fr.madrau.switchresx.daemon	fr.madrau.switchresx.daemon.9a7a4df01f
group.com.apple.mail	group.com.apple.mail.88f3aedac4
icloudmailagent	icloudmailagent.f019ba36b7
io.fadel.MissionControlPlus	io.fadel.MissionControlPlus.391676e4b6
io.fadel.missioncontrolplus.preferences	io.fadel.missioncontrolplus.preferences.cc3fa15dd7
jetbrains.ai.csat	jetbrains.ai.csat.9c4c3b4aab
jetbrains.cl.251	jetbrains.cl.251.e300bbd0cf
jetbrains.cl.253	jetbrains.cl.253.f8701b89e4
jetbrains.cl.csat	jetbrains.cl.csat.318708bfde
jetbrains.jetprofile.asset	jetbrains.jetprofile.asset.76c87e6065
jetbrains.py.253	jetbrains.py.253.7ebd52d80d
jetbrains.ws.251	jetbrains.ws.251.9de916306b
jetbrains.ws.253	jetbrains.ws.253.b6d70255d9
jetbrains.ws.csat	jetbrains.ws.csat.540ed31e6a
llm.ai.assistant	llm.ai.assistant.c367d9a250
loginwindow	loginwindow.1ed4d47f59
mbuseragent	mbuseragent.e0656fde8b
openclaw	openclaw.c0e408a0ac
org.cups.PrintingPrefs	org.cups.PrintingPrefs.a1b146b9e3
pbs	pbs.31c4190435
pro.betterdisplay.BetterDisplay	pro.betterdisplay.BetterDisplay.9994749c84
sharedfilelistd	sharedfilelistd.6b8b848c41
systemgroup.com.apple.icloud.searchpartyd.sharedsettings	systemgroup.com.apple.icloud.searchpartyd.sharedsettings.8ed963f558
xccov	xccov.de47802019
